NFL Team,Subreddit r/
Arizona Cardinals,cardinals
Atlanta Falcons,falcons
Baltimore Ravens,ravens
Buffalo Bills,buffalobills
Carolina Panthers,panthers
Chicago Bears,CHIBears
Cincinnati Bengals,bengals
Cleveland Browns,Browns
Dallas Cowboys,cowboys
Denver Broncos,DenverBroncos
Detroit Lions,detroitlions
Green Bay Packers,GreenBayPackers
Houston Texans,Texans
Indianapolis Colts,Colts
Jacksonville Jaguars,Jaguars
Kansas City Chiefs,KansasCityChiefs
Miami Dolphins,miamidolphins
Minnesota Vikings,minnesotavikings
New England Patriots,Patriots
New Orleans Saints,Saints
New York Giants,NYGiants
New York Jets,nyjets
Las Vegas Raiders,raiders
Philadelphia Eagles,eagles
Pittsburgh Steelers,steelers
Los Angeles Chargers,Chargers
San Francisco 49ers,49ers
Seattle Seahawks,Seahawks
Los Angeles Rams,LosAngelesRams
Tampa Bay Buccaneers,Buccaneers
Tennessee Titans,Tennesseetitans
Washington Commanders,Commanders
